repository,McCC,NOI,CLOC,DLOC,TCLOC,LLOC,LOC,NOS,NUMPAR,TLLOC,TLOC,TNOS,HCPL,HDIF,HEFF,HNDB,HPL,HPV,HTRP,HVOL,MI
PrefectHQ_prefect,1.4629967189208894,0.1461903025884068,1.2834487787094422,0.7203791469194313,1.338497994896099,12.515858549033904,15.003463361283266,4.756653299307327,2.496172074371126,13.521144732045206,16.11921254101349,5.1409041195771055,8.564181314335164,0.5957015715304252,30.046964514193856,0.0054926626746194,5.31817609270689,3.946088928076584,1.6692758063441062,16.47798802385753,33.87491268838206
freqtrade_freqtrade,3.07735982966643,0.396735273243435,4.610361958836054,3.441447835344216,4.612491128459901,12.508871540099362,18.706884315117104,7.185237757274663,2.6777856635911994,12.5486160397445,18.74946770759404,7.209368346344926,22.68107818089796,1.0967199342322551,159.66208962768204,0.0152341520382625,11.160668010365676,7.202130722718112,8.870116090426864,45.70245611478752,33.668124066650975
ytdl-org_youtube-dl,4.591265779597407,0.5063118389628113,0.8062094848174685,0.1299897645854657,0.8884339815762539,22.14602524735585,25.44114636642784,11.838621630842717,2.232343909928352,23.51757079495053,26.905151825315592,12.727055612418969,28.333927353608,1.147941421044375,246.58429410967187,0.0170457472513985,11.348161120840633,8.139404553415062,13.69912745053734,51.13724175419509,37.75382954209756
aleju_imgaug,1.640754307420974,0.3177316510649844,2.0111246777913445,1.2576312576312576,2.022249355582689,10.311490978157645,13.35273368606702,6.415683082349749,1.6402116402116402,10.501424501424502,13.554063220729889,6.516347849681183,22.60937518981558,1.101829626882829,450.93292682269634,0.0186444520878637,12.125088715400992,6.818310858765082,25.051829267927577,55.93335626359267,4.788722969024531
zhayujie_chatgpt-on-wechat,3.4945295404814005,0.4113785557986871,2.015317286652079,1.2056892778993435,2.024070021881838,12.01969365426696,14.185995623632383,9.321663019693654,2.2472647702407,12.157549234135669,14.332603938730854,9.422319474835886,23.269062206867822,1.0383727181893323,153.92858249879822,0.013925502786411,9.709570957095709,6.904290429042904,8.551587916599916,41.77650835923339,51.92957693298349
tiangolo_fastapi,1.89119170984456,0.0880829015544041,0.3834196891191709,0.0103626943005181,0.38860103626943,16.502590673575128,17.031088082901555,3.4974093264248705,6.61139896373057,17.321243523316063,17.854922279792746,3.808290155440415,6.665966940412748,0.403660223513742,12.640687978229614,0.0038543865032608,4.172422815279958,3.3864468864468864,0.7022604432349676,11.56315950978239,57.15440896510761
Textualize_rich,2.828125,0.3004807692307692,2.907451923076923,2.753605769230769,2.9555288461538463,11.03125,14.42548076923077,5.902644230769231,2.668269230769231,11.43389423076923,14.893028846153848,6.1610576923076925,11.196072700247925,0.7868033499888594,87.12212765919949,0.0075780979024048,6.4527777777777775,4.548611111111111,4.840118203288882,22.734293707215397,33.883724948842435
RasaHQ_rasa,2.212324179504354,0.4464166108506363,3.9367046215673134,2.965170797052913,3.9507702612190223,11.7906898861353,16.793369055592766,4.625586068318821,2.5448760884125923,12.022438044206297,17.058606831882116,4.747823174815808,8.141843224425001,0.6226375879545584,30.562234499416785,0.0050621404388631,4.884196185286103,3.798024523160763,1.6979019166342806,15.186421316588865,40.01453075212078
mlc-ai_mlc-llm,2.5657015590200447,0.1915367483296214,2.0311804008908685,1.2583518930957684,2.0556792873051224,17.870824053452115,20.625835189309576,11.78173719376392,3.175946547884187,19.011135857461024,21.87750556792873,12.334075723830734,98.68665511709573,1.666853917343432,803.8467050630394,0.0644124137903424,32.481944444444444,18.85833333333333,44.65815028127989,193.23724137102727,24.915477748619477
python-telegram-bot_python-telegram-bot,1.5993788819875776,0.1900056465273856,3.5093167701863357,2.9805194805194803,3.53613777526821,13.609824957651044,18.185206098249576,6.196781479390175,3.696499153020892,14.3184641445511,18.93167701863354,6.578204404291361,12.67336281605299,0.6419033804513001,48.28258482248662,0.0082624841261415,7.00460704607046,4.715989159891599,2.682365823471521,24.787452378424305,36.51537431852406
django_django,1.6062054407137452,0.2565021707093639,1.4662046441231529,0.7924084916557136,1.4931692356713266,10.15087425817501,12.029593340502649,4.931612697654041,1.4932488947305531,10.598598000557612,12.508782411279723,5.021627434579997,4.063345196325972,0.2960695960065102,23.07303830066074,0.0025199362879704,2.229454806919596,1.7147993063486022,1.2818354611478189,7.559808863911319,43.277773227872814
kivy_kivy,2.7641692009953,0.3209842410837711,1.962952723251313,1.046723804257672,1.983688139341996,9.7732927840752,12.426043682609896,7.327343102018247,2.034835499032347,10.00691180536356,12.689798175283384,7.491014653027371,16.951119838497146,0.9272740138864096,209.3128039915885,0.0117786192784191,8.131333005410722,5.249631087063453,11.628489110643766,35.33585783525738,42.77477411626292
facebookresearch_ParlAI,2.468842268842269,0.4248640248640248,3.0113442113442117,2.176223776223776,3.022222222222222,13.150893550893551,16.836208236208236,7.110800310800311,2.1804195804195805,13.262781662781665,16.95912975912976,7.177622377622377,14.37192535777118,0.8169296486083915,111.94226572626606,0.0090608887249587,6.8058813811333225,4.830497274078969,6.219014762570313,27.18266617487616,49.64122825631714
saltstack_salt,2.1234523271577044,0.2647085404428377,2.867871667419792,2.054676909173068,2.97849073655671,14.344780840488026,17.788883868052416,6.392860370537732,1.6040668775417986,14.684319927699956,18.232444645277905,6.52254857659286,11.088002010109632,0.6818476300560058,74.50550001996811,0.0071351349711111,5.804396337240619,4.199553697386309,4.139194445555447,21.40540491334013,43.327477781452735
networkx_networkx,1.6639147802929428,0.1861517976031957,2.3685752330226366,1.5912117177097205,2.387749667110519,11.180559254327564,14.01571238348868,7.063382157123835,1.2932090545938748,11.298535286284954,14.151264980026632,7.131025299600533,19.05719264179045,1.0136836224036894,179.37037228294318,0.0127946508207264,9.457034768510178,6.252567105026121,9.965020682385662,38.38395246217996,34.5151245419648
quantopian_zipline,1.7656619385342789,0.2624113475177305,4.008274231678487,2.607269503546099,4.1054964539007095,14.528664302600474,20.18617021276596,5.6072695035461,2.2603427895981087,15.29403073286052,21.08067375886525,5.921985815602837,9.29719248649571,0.6868175969656478,73.04260728633791,0.0067299734997275,5.492068429237947,3.5810264385692068,4.057922627018775,20.189920499182826,44.06754042044196
openai_gym,2.484848484848485,0.3306982872200263,2.355731225296443,1.8866930171278,2.3662714097496704,12.196310935441373,15.628458498023717,6.978919631093544,2.1251646903820816,12.35836627140975,15.803689064558627,7.0566534914361005,25.260525154202497,1.1584295819035406,343.33976432360765,0.0182521093657157,11.689844464775849,7.116193961573651,19.07443135131156,54.75632809714679,54.56779574684161
merenlab_anvio,5.738475581926061,0.419443176631675,6.4272021907804655,3.59926973984482,6.43222272934733,23.051574623459608,34.112733911455955,16.962117754450023,2.422638064810589,23.17571884984025,34.244180739388405,17.050205385668644,34.72366586847623,1.5512088819630236,333.0257361583834,0.0225701822890308,15.001732351667387,9.92334343871806,18.50142978657677,67.71054686709222,20.47197967170337
commaai_openpilot,3.1701623815967523,0.3863328822733423,1.503382949932341,0.1671177266576454,1.5148849797023003,11.791948579161028,14.777740189445195,9.37043301759134,1.9533152909336944,11.921177266576455,14.93335588633288,9.480040595399188,29.48253450781724,1.2399191411141044,351.9956660142542,0.0194055108876203,12.221692491060786,7.962653953118792,19.555314778569556,58.216532662861056,42.68678037893064
flairNLP_flair,2.84902411021814,0.3920780711825488,2.82089552238806,1.5723306544202067,2.8243398392652126,13.686567164179104,18.723306544202067,7.646957520091848,2.737083811710677,13.72617680826636,18.766934557979333,7.663605051664753,18.75014149486684,0.969543810223594,156.56215322604166,0.0126758009027658,9.339673913043478,6.053442028985507,8.69789740144676,38.02740270829777,31.66889852791377
pytorch_pytorch,1.8559431392228756,0.3817414637143852,1.495483500952459,0.5305913438889003,1.6370414370864996,10.91700292906741,13.513836258986911,6.3577149177608,1.9963949939575183,12.938591999344544,15.769955551914135,7.586940046291555,13.409384108995168,0.8181390252834188,129.87727757137648,0.0089393496572579,6.827886110072607,4.610397276716318,7.215404309520582,26.818048971777856,26.04081722577967
Lightning-AI_lightning,1.84131689811203,0.2189109065376814,1.680449368076143,1.2430956467467624,1.691995631143704,6.525354969574036,8.670307380246529,3.9247932594788577,2.1046965205180217,6.6264627867061945,8.787954439070058,3.992978623810267,9.594995793219834,0.6451440665145041,50.85931520865204,0.0062514325440742,5.389523687251252,3.826678649377327,2.825517511591768,18.75429763222236,49.97346783274988
mlflow_mlflow,1.944576674600476,0.3624617477048623,3.735464127847671,3.1866712002720163,3.7619857191431487,8.80890853451207,12.956137368242096,4.515810948656919,2.314518871132268,9.058143488609316,13.241754505270316,4.653859231553893,9.269834984604628,0.572315437517466,37.76921319144717,0.0058547166184431,5.208866995073891,3.775369458128079,2.0982896217470897,17.56414985532929,39.16159135422341
geekcomputers_Python,2.388535031847134,0.5143312101910829,1.7101910828025475,0.9840764331210192,1.713375796178344,9.95859872611465,12.22452229299363,6.547770700636943,1.6576433121019107,10.019108280254777,12.288216560509554,6.590764331210191,19.199685089209726,1.2012051260262555,216.7658500149257,0.0141976705094595,10.278380332610269,6.261026753434563,12.042547223051432,42.59301152837852,59.25330889339251
pyodide_pyodide,1.507936507936508,0.1547619047619047,3.742063492063492,3.361111111111111,3.746031746031746,5.313492063492063,9.325396825396826,2.837301587301587,2.0793650793650795,5.587301587301587,9.59920634920635,3.0277777777777777,15.06817510397084,0.7977191249034302,76.53800196697323,0.0098337047284664,7.841625788367204,5.388927820602663,4.25211122038741,29.501114185399658,41.452716841710895
ultralytics_ultralytics,2.934331797235023,0.3640552995391705,5.278801843317972,3.1497695852534564,5.29147465437788,10.942396313364055,15.7926267281106,8.074884792626728,2.9700460829493087,10.988479262672811,15.847926267281109,8.111751152073733,25.22142591198364,1.280139290927604,255.2607029262996,0.0164969954576146,11.346938775510203,7.525046382189239,14.181150162572234,49.49098637284384,47.4483619860256
pypa_pipenv,2.969986357435198,0.3988176443838108,2.670911020160679,1.6292254054873427,2.6945581324844627,9.978323480369864,13.156131574958314,6.175079581628013,2.27012278308322,10.159314840078824,13.36425648021828,6.2902834621797785,13.637666156071784,0.8813756897652917,105.29842395713928,0.0087133135814367,6.769014428955735,4.839447297627782,5.849912442063227,26.139940744310497,35.79434097524343
sqlmapproject_sqlmap,4.100573215216259,0.3866597186034393,1.6195935383011986,0.9463262115685253,1.6263678999478894,11.164669098488796,14.69254820218864,9.183428869202707,2.014590932777488,11.277227722772276,14.81500781657113,9.260031266284525,46.94183287526479,1.33166655437116,761.2099000404379,0.0321101216816186,17.244114002478316,10.406030565881869,42.28943889113513,96.33036504485736,40.15228677255896
mitmproxy_mitmproxy,2.1052631578947367,0.3584962406015037,0.8688721804511278,0.4815037593984962,0.8712781954887218,9.206315789473685,10.46406015037594,5.457443609022556,1.953684210526316,9.324812030075188,10.585263157894737,5.53203007518797,15.663428451773951,0.7056961513038517,70.31632867660672,0.0097024028769499,7.405797101449275,5.1741814278046165,3.906462704255953,29.10720863084912,41.30154942352846
PaddlePaddle_PaddleNLP,2.751751077586207,0.2722252155172414,3.6945043103448274,2.895878232758621,3.7152478448275854,14.36267510775862,19.38752693965517,8.145878232758621,3.240032327586207,14.60748922413793,19.67194234913793,8.312163254310345,22.569257483780323,1.145820661504153,242.2511773494521,0.0151029620772795,10.27936614969656,6.604585300067431,13.45839874163663,45.3088862318431,46.40735257408951
reflex-dev_reflex,2.22168284789644,0.2281553398058252,6.252427184466019,5.496763754045308,6.2799352750809065,8.101941747572816,14.846278317152104,3.894822006472492,1.843042071197411,8.210355987055015,14.988673139158577,3.9449838187702255,8.303296364897323,0.6701458163780571,227.56254314383224,0.0057231029054032,5.074614065180103,3.583190394511149,12.642363507990703,17.16930871620974,50.99262723694772
pyecharts_pyecharts,2.03061224489796,0.1972789115646258,0.1428571428571428,0.0442176870748299,0.1428571428571428,22.047619047619047,22.64625850340136,4.003401360544218,7.795918367346939,22.078231292517007,22.67687074829932,4.017006802721088,3.0338173872695378,0.2466433531813918,17.73367900977405,0.0020661325994456,1.8604651162790695,1.346723044397463,0.98520438943189,6.198397798336958,74.83175885583609
jantic_DeOldify,2.015929203539823,0.3433628318584071,0.6238938053097345,0.4513274336283185,0.6238938053097345,5.499115044247787,6.179646017699115,4.38141592920354,3.078761061946903,5.531858407079646,6.212389380530974,4.411504424778761,10.96394760547549,0.8090639898237242,72.64230269813835,0.0070235913993819,5.848254931714719,4.213201820940819,4.035683483229916,21.070774198146065,28.10856063461259
apache_tvm,2.3395061728395063,0.2945736434108527,2.9830605799598047,2.368073499856445,3.01923629055412,10.52354292276773,14.116279069767442,6.342807924203273,2.5983347688774043,10.982917025552684,14.625610106230262,6.599483204134367,26.304484048820303,0.9373821639250428,321.2091253041628,0.0204174196506709,12.221337579617837,6.798284364084652,17.844951405787032,61.25225895201626,39.1450009458756
nicolargo_glances,3.1284606866002216,0.4828349944629014,4.365448504983389,1.840531561461794,4.372093023255814,10.841638981173864,16.503875968992247,7.5869324473975635,1.9169435215946844,10.870431893687709,16.54042081949059,7.604651162790698,16.211548361114613,0.8809611577515816,146.23456895382031,0.0105456840228051,7.68321513002364,5.380614657210402,8.12414271965669,31.637052068415432,55.22314124048162
jina-ai_jina,2.1251758087201127,0.1568213783403657,2.549226441631505,2.279184247538678,2.628691983122363,9.79676511954993,12.886075949367088,4.5358649789029535,3.112517580872012,10.573839662447256,13.760196905766524,4.954992967651196,13.326982945563108,0.6346996172579876,85.52414768487114,0.0090937986464819,6.687732342007435,4.4646840148698885,4.751341538048405,27.28139593944572,48.18290827858564
sanic-org_sanic,2.671840354767184,0.2638580931263858,4.496674057649668,3.789356984478936,4.5266075388026605,10.73059866962306,15.546563192904657,5.267184035476719,2.4855875831485585,10.917960088691796,15.773835920177383,5.383592017738359,8.598803424671482,0.6126059662042521,38.46791030329288,0.0057593735367398,5.404910714285714,3.842857142857143,2.1371061279607053,17.278120610220032,39.580092029033885
PaddlePaddle_PaddleOCR,2.8688789963577497,0.3787940105220558,1.5082962363415622,0.8405503844597328,1.5151760420882234,16.5014164305949,19.20356131121004,10.734925131525696,3.292594091460947,16.657223796033993,19.368676649129903,10.838122217725616,36.78086029297075,1.5325316283886836,404.4748522276852,0.0249132628041129,15.714285714285714,9.67728337236534,22.47082512376017,74.73978841233915,47.286995351779815
Mikubill_sd-webui-controlnet,2.6673433874709978,0.3471577726218097,3.5475638051044083,2.641241299303944,3.586136890951276,13.25522041763341,17.807134570765662,8.03683294663573,3.155742459396752,13.730278422273782,18.3677494199536,8.382830626450117,22.22791911877329,1.2125261134401006,231.5718123475149,0.0146183899198184,10.192078695314525,6.792907067046337,12.86510068597302,43.85516975945503,52.86351171377426
twitter_the-algorithm-ml,2.36,0.3333333333333333,2.3866666666666667,1.58,2.4,11.053333333333333,14.64,6.6066666666666665,2.4066666666666667,11.226666666666668,14.826666666666666,6.66,10.718122672852154,0.8246504883321482,81.29912264593919,0.0071136610599609,5.950757575757576,4.238636363636363,4.516617924774401,21.3409831798828,62.254105550357934
hpcaitech_ColossalAI,2.6323396567299007,0.3353206865401987,2.546522131887986,1.5640469738030711,2.607046070460705,12.040831074977415,15.72755194218609,7.19620596205962,2.874616079494128,12.323396567299008,16.08545618789521,7.389521228545619,19.96488328727173,1.040006989343604,203.4186841557496,0.0140980951085358,9.626516340802056,5.939346367917796,11.30103800865265,42.29428532560792,53.51840563186839
LAION-AI_Open-Assistant,2.4838709677419355,0.2419354838709677,1.1093189964157706,0.4444444444444444,1.1218637992831542,10.315412186379929,12.390681003584229,6.166666666666667,2.492831541218638,10.43010752688172,12.543010752688172,6.256272401433692,15.498544595022064,0.9219310309638158,135.3094646953774,0.0101107343884859,7.465051903114187,5.098961937716263,7.517192483076534,30.332203165458072,50.62170346537367
pytorch_audio,1.6014279714405713,0.5073498530029399,2.653926921461571,2.1923561528769424,2.6598068038639227,11.126837463250736,14.506929861402773,6.058378832423352,2.7093658126837465,11.215455690886182,14.60184796304074,6.115497690046199,13.06924298620115,0.8489805861666659,118.75805351744896,0.0090906951658375,6.978419654714475,4.551128818061089,6.597669639858255,27.272085497512265,50.36131576131418
yt-dlp_yt-dlp,4.113026052104209,0.5392785571142285,0.6707414829659318,0.1270541082164328,0.7200400801603206,19.00440881763527,21.552905811623248,9.789178356713428,2.365731462925852,20.04228456913828,22.67114228456914,10.4501002004008,23.375961773066717,1.0401638944114635,189.93283516020875,0.0139196514580966,9.653396311291049,7.081196581196581,10.551824175567113,41.75895437428995,35.24916234643259
ddbourgin_numpy-ml,2.1443736730360934,0.3152866242038216,10.644373673036094,9.926751592356688,10.64755838641189,10.48832271762208,22.51061571125265,6.916135881104034,2.529723991507431,10.503184713375797,22.528662420382165,6.929936305732484,22.990514764968957,1.3702028266287762,151.03500835552632,0.0146776626055572,10.926578560939795,7.475770925110132,8.390833797529254,44.03298781667191,39.82271872724301
google_jax,1.5698366661578385,0.3920012211876049,0.954052816363914,0.2608762021065486,1.1163181193710885,9.90551060906732,11.840329720653337,5.741260876202107,2.009769500839566,12.010227446191422,14.058311708136165,6.895741108227751,14.192872912852463,0.8626409109363541,118.94240102526037,0.0092064530343731,7.05039534277522,4.912937700929708,6.607911168069783,27.619359103122324,19.67400331257899
borgbackup_borg,2.7891737891737893,0.4672364672364672,1.6666666666666667,0.4491927825261159,1.8043684710351375,13.640075973409306,15.598290598290598,8.183285849952517,2.592592592592593,14.721747388414055,16.824311490978157,8.952516619183285,17.208267067410127,0.991879361355833,127.73060553182536,0.0113337723275287,8.845704266510813,5.9719462302746935,7.096144751768096,34.001316982586495,29.85127901510431
OpenBB-finance_OpenBBTerminal,3.75398867730314,0.2424086464230571,3.233144621718991,2.863612969634586,3.23623262995368,28.957282552753476,33.28255275347401,9.038600102933607,2.029850746268657,28.58620689655172,33.31909418425116,9.06484817292846,13.70939548420326,0.8124108962861132,109.19008989032464,0.008826189803713,6.71932860356463,4.799965391936321,6.066116105017906,26.478569411139407,51.96627397533714
ludwig-ai_ludwig,1.9001040582726327,0.2147069025320846,1.960110995490808,1.2424557752341312,1.989247311827957,8.917100242802636,11.542143600416232,4.157821713492889,2.7048213666319807,9.061394380853278,11.72147069025321,4.252514741588623,10.112688842111863,0.6361850624623777,61.0593929405629,0.0062706834122427,5.172842576473514,3.7988062670977367,3.392188496697944,18.81205023672812,50.49977009456013
lllyasviel_Fooocus,2.5695142378559463,0.3249581239530988,1.6499162479061975,0.7294807370184254,1.6549413735343383,15.090452261306533,17.798157453936348,8.681742043551088,3.661641541038526,15.127303182579563,17.84170854271357,8.712730318257956,40.835987290923406,1.7212867557102638,557.7598949425052,0.0299453440920778,18.282608695652176,10.454545454545457,30.986660830139176,89.83603227623345,33.29087196019651
lllyasviel_ControlNet,2.892479801118707,0.3064014916096955,2.705407085146053,2.0540708514605344,2.7203231821006835,13.982597886886264,17.705407085146053,8.279676817899317,3.632069608452455,14.208825357364825,17.969546302050965,8.454319453076446,27.773573937761128,1.3615439118250554,334.78603907545613,0.0191631794970547,12.532513181019333,7.864674868189807,18.599224393080867,57.48953849116365,53.49374386632016
facebookresearch_detectron2,2.2882703777335984,0.3384691848906561,4.17544731610338,3.149602385685885,4.201789264413519,12.9448310139165,17.825049701789265,7.746520874751491,2.5621272365805168,13.300695825049702,18.2162027833002,7.979125248508946,18.932429882498425,1.0800372145493582,160.86464022416902,0.0122861355526489,8.95806745670009,6.10619872379216,8.936924456898295,36.858406657946645,54.95717790994601
numpy_numpy,1.755080069977123,0.314224195935944,1.9249091643116676,0.9130668819808908,1.964876867178038,9.398062171982236,12.000403714170368,6.77459292154488,1.5201184228233078,9.654016955995155,12.286233346790471,6.910240882788319,14.846567848199015,0.9479620926596326,170.62529759629223,0.0109471384837059,8.218386419988557,4.958325386229258,9.479183199793797,32.84141545111986,19.982683584900347
babysor_MockingBird,2.63220675944334,0.3956262425447316,2.886679920477137,1.5447316103379722,2.886679920477137,13.570576540755468,17.709741550695824,9.590457256461232,3.3479125248508947,13.570576540755468,17.709741550695824,9.590457256461232,25.106024442934437,1.4114367287060154,280.3545705517888,0.0172253837255834,11.832618025751072,7.628040057224607,15.575253919543862,51.67615117675047,52.13624830755295
explosion_spaCy,3.5183044315992293,0.6088631984585742,4.998073217726397,3.753371868978805,5.065510597302505,13.354527938342969,18.639691714836225,8.797687861271676,2.955684007707129,13.610789980732177,18.961464354527937,8.959537572254336,15.786619229392214,0.9074908361100904,95.3144925987654,0.0106129782613501,8.751097178683386,5.783385579937304,5.295249588820316,31.83893478405017,36.27013987966846
AUTOMATIC1111_stable-diffusion-webui,3.130028063610851,0.3666978484565014,1.069223573433115,0.4387277829747427,1.0907390084190831,12.253507951356408,15.073900841908326,9.510757717492984,3.0636108512628626,12.674462114125353,15.59401309635173,9.842843779232927,26.80671152753825,1.2661992833432605,347.16318512121023,0.0186362851729428,12.019346230820547,7.4949966644429615,19.286843617845,55.90885551882846,34.51548646674029
HumanSignal_label-studio,2.342624854819977,0.2799070847851335,0.9547038327526132,0.3879210220673635,0.9581881533101044,8.336817653890824,9.94541231126597,5.24274099883856,2.1939605110336817,8.376306620209059,9.988385598141695,5.2682926829268295,10.920424601948374,0.6339468628371436,57.22402330551876,0.0067101591555773,5.547040971168437,4.097875569044006,3.1791124058621527,20.13047746673225,43.53511566673047
python_mypy,2.724327195467422,0.6359773371104815,1.7202549575070822,0.6703257790368272,1.739199716713881,9.2268059490085,11.213881019830028,5.512570821529745,2.239553824362606,9.312854107648723,11.310021246458923,5.554886685552408,15.70052747942366,0.851260587707611,123.16873104395876,0.0096384644877314,7.055235350624399,5.0862952289465255,6.84270728021986,28.915393463194224,25.116836222428265
geekan_MetaGPT,1.8405172413793105,0.3836206896551724,1.5280172413793105,1.0107758620689655,1.5474137931034482,6.993534482758621,8.849137931034482,4.495689655172414,2.556034482758621,7.127155172413793,9.004310344827585,4.603448275862069,6.600298644641865,0.4816611500096827,47.33285183348785,0.0045599391164325,4.007824726134586,2.8857589984350547,2.6296028796382243,13.679817349297734,90.09802608650548
pytorch_vision,2.1235955056179776,0.5522141440846001,1.3000660938532715,0.592531394580304,1.3113020489094511,10.995042961004629,13.472901520158626,6.241242564441507,2.7951090548578983,11.17151354923992,13.667547918043622,6.342696629213483,16.866163734769433,0.975885020735786,133.48057947187172,0.0108468475689347,8.092424242424242,5.5590909090909095,7.41558774843732,32.54054270680332,38.70860327406152
nvbn_thefuck,1.325925925925926,0.1925925925925926,0.4666666666666667,0.4185185185185185,0.4666666666666667,5.644444444444445,6.207407407407407,2.774074074074074,2.162962962962963,5.696296296296296,6.274074074074074,2.7962962962962963,4.342142820919018,0.4357661981433047,11.39912013821748,0.002619808847396,3.0133426966292136,2.629915730337079,0.6332844521231843,7.8594265421884035,64.6562567942488
aws_aws-cli,1.3972578660573036,0.4410265424503428,0.934434874318861,0.3505009667779926,0.9383019862893304,9.6596941465987,11.05097556688346,5.022499560555458,1.6030936895763754,9.680435928985762,11.07259623835472,5.031815784847952,4.324201102912916,0.3286233463999902,13.0279234198995,0.002688400949405,2.7498666666666667,2.161955555555556,0.7237735233277427,8.06520284821467,50.001150814799054
streamlit_streamlit,1.4669590643274857,0.3263157894736842,3.4842105263157896,2.700584795321637,3.506432748538012,9.77719298245614,14.3812865497076,4.808187134502924,1.758187134502924,10.119298245614036,14.76374269005848,4.956432748538012,4.426205796952217,0.3643163285506975,24.822868254919,0.0028582577754632,2.6648675171736995,2.0142296368989205,1.3790482363843966,8.57477332639,57.91169559585125
psf_black,2.751923076923077,0.4653846153846154,2.673076923076923,1.5634615384615385,2.767307692307692,12.45,15.265384615384615,7.0442307692307695,1.5807692307692307,12.680769230769233,15.596153846153848,7.176923076923077,18.942212602241387,1.0013242959183142,208.00584412367783,0.0125971612850497,8.735562310030396,5.825734549138804,11.555880229093216,37.79148385514923,40.465326471831006
microsoft_nni,2.245100150764592,0.2569459401249192,2.090027999138488,1.4469093258668964,2.143441740254146,8.349989231100581,10.95886280422141,5.8216670256299805,2.3766961016584105,8.802929140641826,11.4766314882619,6.137195778591428,16.5092209436323,0.9875962323346248,125.4731367188657,0.0105517468276272,8.057308194885197,5.6036960985626285,6.970729817714704,31.655240482881617,47.2980591402569
spotify_luigi,1.53757225433526,0.3697198755002223,1.1078257003112495,0.8145842596709649,1.1340595820364607,6.469986660738106,8.197421076033793,4.087149844375278,1.5649177412183193,7.034459759893286,8.835927078701646,4.292574477545576,4.177015202092517,0.3333580787823353,20.70251919600684,0.002552677374817,2.392189679218968,1.905439330543933,1.1501399553337004,7.658032124451348,44.2525023675352
powerline_powerline,2.1961009174311927,0.4059633027522936,1.125,0.6903669724770642,1.1295871559633028,10.400229357798166,11.85894495412844,6.430045871559633,2.14105504587156,10.702981651376149,12.190366972477063,6.580275229357798,11.93667954553807,0.7081125195988462,84.11883980496623,0.0075155941825373,5.844036697247707,4.197247706422019,4.673268878053683,22.54678254761224,42.27788368396787
pandas-dev_pandas,1.7793515358361776,0.1745733788395904,3.1188850967007964,1.9171217292377705,3.141126279863481,12.110295790671218,16.502673492605233,6.855745164960182,2.099829351535836,12.249089874857791,16.66632536973834,6.940386803185438,9.159959241009048,0.7084037834139869,67.96824208155462,0.0063470163728411,5.468067097568483,3.6456602031394274,3.776013448975135,19.04104911852666,28.84022016562656
frappe_erpnext,3.2825219473264164,0.8242218675179569,0.9694732641660015,0.3306065442936951,0.9742617717478051,17.702913008778932,21.19772545889864,9.094772545889864,1.3487629688747007,17.875698324022345,21.384676775738228,9.174980047885075,15.623133610999108,0.8775683452726092,90.9421169365831,0.00936735044018,7.275507874914403,5.367267747089706,5.052339829810104,28.10205132054075,33.07496411634708
huggingface_transformers,2.5662500354278266,0.2400022673808916,2.850126123062098,1.754017515517388,2.8753507354816765,15.002239038630504,19.53558370886829,7.950854519173539,3.325114077601111,15.190573363942976,19.77073944959329,8.058300031176488,18.41507888516769,0.9842301011406376,224.3975346082925,0.0132615528791109,9.016758705322902,5.360331339162448,12.466529700460812,39.78465863733441,36.59308705676664
OpenBMB_ChatDev,2.1703125,0.3453125,1.3796875,1.015625,1.40625,8.0484375,9.6015625,5.5734375,1.84375,8.121875,9.7015625,5.628125,9.851778293177397,0.6265903402100075,85.23772786391433,0.0071561002331445,5.531409168081494,3.477079796264856,4.73542932577302,21.468300699433573,64.2944450649721
python-poetry_poetry,3.3166833166833167,0.3226773226773227,1.1868131868131868,0.4735264735264735,1.2177822177822175,12.182817182817184,15.463536463536464,7.501498501498501,2.046953046953047,12.23976023976024,15.53946053946054,7.537462537462537,10.80851224541915,0.6754480279536527,47.313618271187735,0.0065202198418333,5.78719723183391,4.438581314878893,2.628534348399328,19.560659525500355,35.69779376811252
Ciphey_Ciphey,1.8558951965065504,0.1222707423580786,1.537117903930131,0.7467248908296943,1.5414847161572052,7.098253275109171,8.914847161572052,4.067685589519651,1.3689956331877728,7.170305676855895,8.997816593886462,4.111353711790393,6.419824073734508,0.507664055669279,51.37674756997861,0.0041586791583245,3.4781746031746037,2.632936507936508,2.8542637538877056,12.47603747497385,66.40354725936743
ipython_ipython,2.654151242728715,0.3685880486515071,5.043363299841354,3.564780539397145,5.100475938656795,10.212057112638815,16.06663141195135,6.859333685880486,1.97567424643046,10.53358011634056,16.442622950819672,7.051824431517716,11.12442237472372,0.718446951164663,70.27389855465249,0.0069061998321517,5.666107382550336,4.186912751677852,3.904105475258487,20.71859949645499,41.578146624514495
scrapy_scrapy,1.5033377837116155,0.3735647530040053,0.6162883845126835,0.3217623497997329,0.629105473965287,8.909479305740987,10.002403204272364,4.716154873164219,1.768224299065421,9.314285714285717,10.441655540720962,4.897196261682243,2.904721720288656,0.2756399991435894,9.664271929100789,0.0018275065383573,1.9401853411962933,1.558270148834597,0.5369039960611591,5.482519615072019,45.69017571128588
horovod_horovod,2.8184568835098336,0.6036308623298033,1.5930408472012103,0.7771053958648513,1.6787695410993444,12.578416540595056,15.800302571860817,9.019162884518408,2.0292486132123044,13.410489157841656,16.793242561775088,9.586989409984872,23.81887404732145,1.2199514181458946,214.5965993513369,0.0147550891096918,10.125109745390692,6.964442493415277,11.922033297296494,44.265267329075634,41.17832869342626
spotDL_spotify-downloader,4.019230769230769,0.2403846153846154,9.817307692307692,7.576923076923077,9.817307692307692,18.365384615384617,32.31730769230769,9.942307692307692,2.519230769230769,18.365384615384617,32.31730769230769,9.942307692307692,22.99134014498234,1.0993360090049664,176.09958716306994,0.0143245420958837,10.143333333333333,7.076666666666667,9.783310397948336,42.97362628765151,62.31113391604696
open-mmlab_mmdetection,2.788632792037716,0.2839182818229439,7.163174436877947,5.726296490309062,7.185437401781037,21.264274489261396,30.17443687794657,11.66788894709272,3.533001571503405,21.435044525929808,30.387899423782084,11.790990047145105,27.968808964986,1.508162532079865,286.30755145273235,0.0194844690706814,13.400214880472737,8.246038141283911,15.905975080707252,58.45340721204445,57.49032756603625
oobabooga_text-generation-webui,2.6481481481481484,0.2481481481481481,0.8703703703703703,0.1222222222222222,0.8703703703703703,9.422222222222222,11.670370370370373,7.211111111111111,2.1703703703703705,9.514814814814814,11.766666666666667,7.274074074074074,20.41228795470057,1.0028605163720965,243.21355228029424,0.0131260570855738,8.854166666666666,5.893229166666667,13.5118640155719,39.378171256721785,48.1166974636604
aio-libs_aiohttp,2.124845488257108,0.245982694684796,0.899876390605686,0.3899876390605686,0.907292954264524,9.38627935723115,11.024721878862794,5.440667490729296,1.9449938195302845,9.53831891223733,11.18726823238566,5.5364647713226205,8.435656026851083,0.6280301262674809,38.1359793560078,0.0051936288107383,5.058948004836759,3.98186215235792,2.11866551977823,15.580886432214768,18.365271769426123
smicallef_spiderfoot,3.215028901734104,0.2398843930635838,1.5557803468208091,0.9997109826589596,1.5632947976878613,12.820231213872832,16.936416184971097,10.132658959537572,1.4742774566473988,12.958959537572252,17.10751445086705,10.24306358381503,13.377459349568904,0.5139808924320595,111.25880571866092,0.0082545926566659,5.342219646479282,3.6090988119385687,6.181044762147811,24.76377796999785,68.96475528794011
matplotlib_matplotlib,2.495366639806607,0.4744157937147462,6.044117647058823,4.977034649476229,6.085414987912974,9.122280419016922,15.7209911361805,6.225020145044319,2.4317082997582595,9.288678485092667,15.93392425463336,6.337228041901692,17.39361377705693,0.9775639467279712,186.802713075865,0.0122313625688896,8.864922118380063,5.597757009345794,10.377928504214507,36.69408770667005,23.350237685780986
karlproject_karl,1.2446828533785057,0.5834744965179748,0.3786937699981178,0.1810653115000941,0.3805759457933371,8.566534914361002,9.383587427065688,6.153773762469415,1.5531714662149445,8.77639751552795,9.598155467720686,6.261434217955957,4.095839796163445,0.3111088183645777,24.06553257530228,0.0027331057198882,2.439265212399541,1.7804822043628017,1.3369740319612382,8.199317159664913,39.41624579955887
localstack_localstack,1.8672341506797103,0.239105577436158,1.4314572481260324,0.6376572227163003,1.463346461694829,12.73675517723288,15.297547960869013,6.143437936729767,2.5881082454580104,13.390547579723034,16.00304916783128,6.438699021725321,6.839570258023746,0.4289892091705312,29.6993792230164,0.0041255278420515,3.6181082865632224,2.7652690656982504,1.649965512389829,12.376583526154372,49.50563089253174
huggingface_pytorch-image-models,2.5900046274872746,0.2660805182785747,1.1878759833410455,0.5446552521980564,1.1892642295233689,13.593706617306802,15.469689958352614,7.723276260990282,4.02776492364646,13.633965756594169,15.510411846367422,7.756131420638593,13.523950603200984,0.8254195569283339,139.96767545747323,0.0090646359769093,6.499655172413793,4.273103448275862,7.775981969859638,27.19390793072807,37.27658867002746
certbot_certbot,1.5977234869516934,0.4397556912826207,2.0741254858411997,1.3548028872848417,2.089394780677402,8.004441976679622,10.665463631315935,5.1113270405330375,1.732648528595225,8.061354802887285,10.733481399222654,5.149639089394781,6.389739869313379,0.528446303887817,21.653245184475413,0.0040017081554628,4.061914672216441,3.186004162330905,1.2029580658041912,12.005124466388656,35.593161579485376
keras-team_keras,1.7483138090166843,0.4089456869009584,1.1648917287894924,0.568512602058928,1.189563365282215,11.891018814341498,13.701632942847,5.8452254171104014,2.119098331558396,12.237841675541356,14.086616968406108,6.010827121050763,10.91459536740052,0.7031348316421238,103.56746485115984,0.0073707634050725,5.589387755102041,3.7190204081632654,5.753748047286627,22.11229021521719,44.96413972983576
ansible_ansible,3.194240744052942,0.4550169915936326,2.082990520479342,0.8349132534430335,2.103022715077804,11.456269003756036,15.15524950813808,7.994276515829011,1.9813986764442852,11.60812019316759,15.333929529601145,8.096762654265785,16.96010135981098,0.8217036685488894,140.21429296386293,0.0104615283271941,7.453463203463204,5.358585858585859,7.78968294243674,31.384584981583053,43.61966282865598
unifyai_ivy,1.5352611389790498,0.2000590144585423,16.0177043375627,15.83977574505754,16.02744172322219,11.2165830628504,27.27353201534376,2.4520507524343462,3.9454116258483327,11.295957509589847,27.362348775449984,2.497196813219239,9.454581711089132,0.5929732263201865,93.67984710436774,0.0064439468387958,4.718265541059094,3.098541826554106,5.204435950242577,19.331840516387988,41.7879452993736
recommenders-team_recommenders,2.478021978021978,0.4377289377289377,7.606227106227106,6.195970695970696,7.617216117216117,19.6978021978022,29.37545787545788,10.375457875457876,2.838827838827839,19.76923076923077,29.465201465201464,10.424908424908423,17.626091268104226,0.946289038182336,123.71337683904724,0.0115531563824598,8.822310756972112,5.90996015936255,6.8729653799471,34.65946914737928,52.70828605414767
httpie_cli,1.7882599580712788,0.3165618448637317,1.1236897274633124,0.6163522012578616,1.134171907756813,8.526205450733753,10.117400419287211,4.272536687631027,2.060796645702306,8.633123689727464,10.245283018867925,4.327044025157233,10.140832495676966,0.7897081214027767,36.67261144214663,0.0059114511496968,5.623834196891192,4.638341968911917,2.037367302341499,17.734353449090822,49.71338511617344
gunthercox_ChatterBot,1.3595679012345678,0.1003086419753086,1.5524691358024691,1.3842592592592593,1.5540123456790125,7.640432098765432,10.785493827160494,4.78858024691358,1.2314814814814814,7.665123456790123,10.811728395061728,4.804012345679013,3.077189361927137,0.2068679129901118,29.01262082720003,0.0021347622395351,1.7190476190476192,1.192063492063492,1.611812268177781,6.404286718605452,78.0077866532527
XX-net_XX-Net,3.207409212771143,0.5898123324396782,3.438459663660736,2.546429441871801,3.450402144772118,10.68754569826956,15.454058006336826,7.801364854984158,2.152083841091884,10.724835486229589,15.499390689739217,7.826224713624177,20.715796083852236,1.1336527696674497,221.5241547920189,0.0136095975694626,9.47433155080214,6.385561497326203,12.306897488445438,40.82879270838729,36.0707027482857
Delgan_loguru,2.954356846473029,0.3526970954356846,4.813278008298755,4.493775933609959,4.813278008298755,9.705394190871369,15.634854771784232,6.365145228215767,2.240663900414938,10.066390041493776,16.070539419087137,6.622406639004149,9.128446979796442,0.6673855663214553,61.3672895530072,0.00583382568047,5.297574626865671,4.134328358208955,3.409293864055939,17.50147704141024,39.293769246933685
ray-project_ray,2.156492398386596,0.2750155134967422,3.5711681663046853,2.1867825007756747,3.628141483090289,12.078886130933912,16.63624728513807,5.82865342848278,2.244996897300652,12.53983090288551,17.169019547005895,6.054336022339435,13.090711525888922,0.7702282606338172,80.05662096232295,0.0083365850014659,6.6647853255392056,4.690747833098166,4.44759005346219,25.00975500440199,46.44620717541434
