repository,LCOM5,WMC,CBO,NOI_c,RFC,CLOC_c,DIT,NOA,NOC,NOD,NOP,LOC_c,LLOC_c,NM,NLM,NOS_c,TLOC_c,TLLOC_c,TNM,TNLM,TNOS_c,McCC,NOI_m,CLOC_m,DLOC,TCLOC,LLOC_m,LOC_m,NOS_m,NUMPAR,TLLOC_m,TLOC_m,TNOS_m,HCPL,HDIF,HEFF,HNDB,HPL,HPV,HTRP,HVOL,MI
mindsdb_mindsdb,2.6347087378640777,11.055825242718448,0.1723300970873786,0.137135922330097,4.390776699029126,11.949029126213592,0.116504854368932,0.116504854368932,0.1092233009708737,0.116504854368932,0.1092233009708737,80.4623786407767,64.71116504854369,4.481796116504855,4.253640776699029,31.743932038834952,80.55461165048544,64.7864077669903,4.560679611650485,4.262135922330097,31.765776699029125,2.6428778648099795,0.4644618508848274,2.4084711343196985,1.7539889759210907,2.430519292138091,12.724978241949522,16.79779518421816,7.463301421525965,1.943138961415724,12.901943719176096,17.009283434870902,7.588627792283145,10.608815434994982,0.6677312082463169,66.27876448234922,0.0066814312995948,5.550389680193496,4.0991668906208005,3.6821535823527336,20.044293898784076,54.93719069089055
facebookresearch_ParlAI,2.062176165803109,6.859671848013817,0.4162348877374784,0.3609671848013817,3.1748704663212437,10.961139896373057,0.3687392055267703,0.3803972366148532,0.3026770293609672,0.3803972366148532,0.3026770293609672,54.18091537132988,44.931347150259064,5.026338514680484,2.813903281519862,19.93782383419689,54.19516407599309,44.939982728842836,5.065198618307426,2.8173575129533677,19.944732297063904,2.468842268842269,0.4248640248640248,3.0113442113442117,2.176223776223776,3.022222222222222,13.150893550893551,16.836208236208236,7.110800310800311,2.1804195804195805,13.262781662781665,16.95912975912976,7.177622377622377,14.37192535777118,0.8169296486083915,111.94226572626606,0.0090608887249587,6.8058813811333225,4.830497274078969,6.219014762570313,27.18266617487616,49.64122825631714
localstack_localstack,3.595778364116095,7.755672823218997,0.2395778364116094,0.2242744063324538,4.677044854881267,7.224802110817942,0.1113456464379947,0.1150395778364116,0.0992084432717678,0.1150395778364116,0.0992084432717678,75.69076517150395,61.64063324538259,4.745118733509234,4.452770448548812,26.718733509234827,78.24116094986807,63.494459102902375,5.680738786279683,5.089182058047493,27.757783641160948,1.8672341506797103,0.239105577436158,1.4314572481260324,0.6376572227163003,1.463346461694829,12.73675517723288,15.297547960869013,6.143437936729767,2.5881082454580104,13.390547579723034,16.00304916783128,6.438699021725321,6.839570258023746,0.4289892091705312,29.6993792230164,0.0041255278420515,3.6181082865632224,2.7652690656982504,1.649965512389829,12.376583526154372,49.50563089253174
microsoft_nni,2.6453168044077136,7.179063360881543,0.4648760330578512,0.2052341597796143,3.4738292011019283,11.606060606060606,0.1756198347107438,0.1797520661157025,0.1453168044077135,0.1797520661157025,0.1453168044077135,46.60192837465565,35.18112947658402,4.396694214876033,3.268595041322314,19.163911845730027,46.61845730027548,35.19765840220386,4.616391184573002,3.4173553719008263,19.62465564738292,2.245100150764592,0.2569459401249192,2.090027999138488,1.4469093258668964,2.143441740254146,8.349989231100581,10.95886280422141,5.8216670256299805,2.3766961016584105,8.802929140641826,11.4766314882619,6.137195778591428,16.5092209436323,0.9875962323346248,125.4731367188657,0.0105517468276272,8.057308194885197,5.6036960985626285,6.970729817714704,31.655240482881617,47.2980591402569
babysor_MockingBird,2.261904761904762,7.880952380952381,0.2976190476190476,0.2738095238095238,3.267857142857143,10.898809523809524,0.0238095238095238,0.0238095238095238,0.0238095238095238,0.0238095238095238,0.0238095238095238,60.11309523809524,47.42857142857143,3.0595238095238093,2.994047619047619,28.714285714285715,60.11309523809524,47.42857142857143,3.0595238095238093,2.994047619047619,28.714285714285715,2.63220675944334,0.3956262425447316,2.886679920477137,1.5447316103379722,2.886679920477137,13.570576540755468,17.709741550695824,9.590457256461232,3.3479125248508947,13.570576540755468,17.709741550695824,9.590457256461232,25.106024442934437,1.4114367287060154,280.3545705517888,0.0172253837255834,11.832618025751072,7.628040057224607,15.575253919543862,51.67615117675047,52.13624830755295
Mikubill_sd-webui-controlnet,2.6939571150097468,8.96393762183236,0.3372319688109161,0.4249512670565302,3.898635477582846,18.189083820662766,0.1033138401559454,0.1072124756335282,0.0994152046783625,0.1072124756335282,0.0994152046783625,72.93859649122807,56.919103313840154,3.853801169590643,3.473684210526316,28.167641325536064,72.98148148148148,56.960038986354775,3.971734892787525,3.478557504873294,28.183235867446395,2.6673433874709978,0.3471577726218097,3.5475638051044083,2.641241299303944,3.586136890951276,13.25522041763341,17.807134570765662,8.03683294663573,3.155742459396752,13.730278422273782,18.3677494199536,8.382830626450117,22.22791911877329,1.2125261134401006,231.5718123475149,0.0146183899198184,10.192078695314525,6.792907067046337,12.86510068597302,43.85516975945503,52.86351171377426
facebookresearch_detectron2,2.7302405498281788,7.9106529209622,0.2989690721649484,0.3797250859106529,3.963917525773196,18.640893470790378,0.1443298969072164,0.1443298969072164,0.1168384879725085,0.1443298969072164,0.1168384879725085,72.33333333333333,58.78006872852234,3.943298969072165,3.584192439862543,27.47079037800687,72.42268041237114,58.845360824742265,4.146048109965636,3.6597938144329896,27.623711340206185,2.2882703777335984,0.3384691848906561,4.17544731610338,3.149602385685885,4.201789264413519,12.9448310139165,17.825049701789265,7.746520874751491,2.5621272365805168,13.300695825049702,18.2162027833002,7.979125248508946,18.932429882498425,1.0800372145493582,160.86464022416902,0.0122861355526489,8.95806745670009,6.10619872379216,8.936924456898295,36.858406657946645,54.95717790994601
zhayujie_chatgpt-on-wechat,3.7448979591836737,16.29591836734694,0.2346938775510204,0.673469387755102,5.428571428571429,10.193877551020408,0.1122448979591836,0.1122448979591836,0.0714285714285714,0.1122448979591836,0.0714285714285714,73.16326530612245,65.14285714285714,5.714285714285714,4.755102040816326,43.93877551020408,73.16326530612245,65.14285714285714,5.8061224489795915,4.755102040816326,43.93877551020408,3.4945295404814005,0.4113785557986871,2.015317286652079,1.2056892778993435,2.024070021881838,12.01969365426696,14.185995623632383,9.321663019693654,2.2472647702407,12.157549234135669,14.332603938730854,9.422319474835886,23.269062206867822,1.0383727181893323,153.92858249879822,0.013925502786411,9.709570957095709,6.904290429042904,8.551587916599916,41.77650835923339,51.92957693298349
numpy_numpy,3.725853094274147,7.543088490456912,0.4488143435511856,0.5054945054945055,4.937536148062464,11.104106419895894,0.3383458646616541,0.3753614806246385,0.2712550607287449,0.3753614806246385,0.2712550607287449,62.31578947368421,48.249277038750726,7.200115673799885,4.432041642567959,29.521110468478888,62.33256217466744,48.26431463273568,7.436668594563331,4.534412955465587,29.703875072296125,1.755080069977123,0.314224195935944,1.9249091643116676,0.9130668819808908,1.964876867178038,9.398062171982236,12.000403714170368,6.77459292154488,1.5201184228233078,9.654016955995155,12.286233346790471,6.910240882788319,14.846567848199015,0.9479620926596326,170.62529759629223,0.0109471384837059,8.218386419988557,4.958325386229258,9.479183199793797,32.84141545111986,19.982683584900347
LAION-AI_Open-Assistant,1.4171597633136097,4.100591715976331,0.257396449704142,0.1449704142011834,1.8136094674556211,2.6804733727810652,0.1893491124260355,0.1893491124260355,0.1775147928994082,0.1893491124260355,0.1775147928994082,29.109467455621303,23.473372781065088,1.8727810650887573,1.668639053254438,10.257396449704142,29.476331360946745,23.76923076923077,1.9378698224852071,1.7159763313609468,10.488165680473372,2.4838709677419355,0.2419354838709677,1.1093189964157706,0.4444444444444444,1.1218637992831542,10.315412186379929,12.390681003584229,6.166666666666667,2.492831541218638,10.43010752688172,12.543010752688172,6.256272401433692,15.498544595022064,0.9219310309638158,135.3094646953774,0.0101107343884859,7.465051903114187,5.098961937716263,7.517192483076534,30.332203165458072,50.62170346537367
sqlmapproject_sqlmap,2.7099811676082863,14.819209039548022,0.3898305084745763,0.3163841807909605,4.007532956685499,8.894538606403014,0.3408662900188324,0.3653483992467043,0.2372881355932203,0.3653483992467043,0.2372881355932203,62.623352165725045,47.09416195856874,7.702448210922787,3.6911487758945385,33.453860640301315,62.79661016949152,47.23540489642185,7.804143126177024,3.7156308851224105,33.527306967984934,4.100573215216259,0.3866597186034393,1.6195935383011986,0.9463262115685253,1.6263678999478894,11.164669098488796,14.69254820218864,9.183428869202707,2.014590932777488,11.277227722772276,14.81500781657113,9.260031266284525,46.94183287526479,1.33166655437116,761.2099000404379,0.0321101216816186,17.244114002478316,10.406030565881869,42.28943889113513,96.33036504485736,40.15228677255896
hankcs_HanLP,4.390123456790123,14.876543209876544,0.4049382716049383,0.2444444444444444,5.955555555555556,13.671604938271605,0.219753086419753,0.237037037037037,0.1851851851851851,0.237037037037037,0.1851851851851851,78.5925925925926,67.21975308641976,6.972839506172839,5.711111111111111,38.046913580246915,78.5925925925926,67.21975308641976,7.093827160493827,5.711111111111111,38.046913580246915,2.6612190812720846,0.2937279151943462,2.147968197879859,1.6183745583038869,2.166077738515901,10.001325088339222,12.37190812720848,6.682420494699647,3.923144876325088,10.159452296819788,12.558745583038869,6.806095406360424,16.1683421276322,0.9258468014785036,205.3579157879617,0.0115242682986495,7.925252525252525,5.017777777777778,11.408773099331189,34.57280489594847,46.46318140496576
jantic_DeOldify,3.2,8.135714285714286,0.5785714285714286,0.4357142857142857,4.496428571428571,3.5214285714285714,0.2857142857142857,0.2857142857142857,0.2464285714285714,0.2857142857142857,0.2464285714285714,30.74642857142857,25.90357142857143,6.460714285714285,4.060714285714286,17.792857142857144,30.771428571428572,25.925,6.507142857142857,4.082142857142857,17.817857142857143,2.015929203539823,0.3433628318584071,0.6238938053097345,0.4513274336283185,0.6238938053097345,5.499115044247787,6.179646017699115,4.38141592920354,3.078761061946903,5.531858407079646,6.212389380530974,4.411504424778761,10.96394760547549,0.8090639898237242,72.64230269813835,0.0070235913993819,5.848254931714719,4.213201820940819,4.035683483229916,21.070774198146065,28.10856063461259
mitmproxy_mitmproxy,2.619918699186992,7.1138211382113825,0.4105691056910569,0.2225609756097561,3.649390243902439,4.324186991869919,0.2693089430894309,0.2693089430894309,0.1941056910569105,0.2693089430894309,0.1941056910569105,44.16056910569106,37.00508130081301,4.1727642276422765,3.426829268292683,18.679878048780488,47.832317073170735,40.22865853658536,4.439024390243903,3.6453252032520327,19.836382113821134,2.1052631578947367,0.3584962406015037,0.8688721804511278,0.4815037593984962,0.8712781954887218,9.206315789473685,10.46406015037594,5.457443609022556,1.953684210526316,9.324812030075188,10.585263157894737,5.53203007518797,15.663428451773951,0.7056961513038517,70.31632867660672,0.0097024028769499,7.405797101449275,5.1741814278046165,3.906462704255953,29.10720863084912,41.30154942352846
django_django,2.1160478798945017,4.090789206735646,0.3577804828565632,0.107932643538243,2.727023737066342,4.370967741935484,0.2046053966321769,0.2234733211604788,0.1646378575776019,0.2234733211604788,0.1646378575776019,38.24670318523027,32.320856157435585,3.7792655711097582,2.619091093528099,12.724284844796104,38.58693446946642,32.65865287076486,3.8944004869141815,2.662000405761818,12.7930614729154,1.6062054407137452,0.2565021707093639,1.4662046441231529,0.7924084916557136,1.4931692356713266,10.15087425817501,12.029593340502649,4.931612697654041,1.4932488947305531,10.598598000557612,12.508782411279723,5.021627434579997,4.063345196325972,0.2960695960065102,23.07303830066074,0.0025199362879704,2.229454806919596,1.7147993063486022,1.2818354611478189,7.559808863911319,43.277773227872814
comfyanonymous_ComfyUI,2.343680709534368,6.8913525498891355,0.5121951219512195,0.4456762749445676,3.1818181818181817,6.902439024390244,0.0886917960088691,0.0886917960088691,0.073170731707317,0.0886917960088691,0.073170731707317,54.92461197339246,44.42572062084257,3.1773835920177382,2.7361419068736144,23.787139689578716,55.04656319290466,44.53880266075388,3.2505543237250554,2.745011086474501,23.851441241685144,2.579253112033195,0.329460580912863,1.6,0.6605809128630705,1.6107883817427386,14.87551867219917,17.536929460580915,8.653941908713692,3.615767634854772,15.195020746887966,17.912033195020747,8.902904564315353,40.41752207398661,1.6833124135957536,534.4203232834205,0.0295304213031955,18.00423728813559,10.29978813559322,29.690017960190044,88.59126390958667,32.48077293533374
pypa_pipenv,2.9716183574879227,11.831521739130435,0.5996376811594203,0.3484299516908212,4.4227053140096615,14.909420289855072,0.607487922705314,0.6153381642512077,0.4190821256038647,0.6153381642512077,0.4190821256038647,64.68840579710145,50.31400966183575,9.105676328502415,4.074275362318841,25.040458937198068,64.8677536231884,50.45289855072464,9.21135265700483,4.0893719806763285,25.10326086956522,2.969986357435198,0.3988176443838108,2.670911020160679,1.6292254054873427,2.6945581324844627,9.978323480369864,13.156131574958314,6.175079581628013,2.27012278308322,10.159314840078824,13.36425648021828,6.2902834621797785,13.637666156071784,0.8813756897652917,105.29842395713928,0.0087133135814367,6.769014428955735,4.839447297627782,5.849912442063227,26.139940744310497,35.79434097524343
matplotlib_matplotlib,3.996613995485327,13.98081264108352,0.6805869074492099,0.6388261851015802,6.3352144469525955,40.40744920993228,0.5428893905191874,0.572234762979684,0.345372460496614,0.572234762979684,0.345372460496614,104.38600451467268,83.2020316027088,14.445823927765238,5.696388261851016,35.50112866817156,106.36455981941307,84.68510158013544,14.651241534988714,5.808126410835214,36.10835214446953,2.495366639806607,0.4744157937147462,6.044117647058823,4.977034649476229,6.085414987912974,9.122280419016922,15.7209911361805,6.225020145044319,2.4317082997582595,9.288678485092667,15.93392425463336,6.337228041901692,17.39361377705693,0.9775639467279712,186.802713075865,0.0122313625688896,8.864922118380063,5.597757009345794,10.377928504214507,36.69408770667005,23.350237685780986
unifyai_ivy,7.777158774373259,14.493036211699163,0.245125348189415,0.1643454038997214,9.696378830083566,151.69359331476323,0.3899721448467966,0.3899721448467966,0.2033426183844011,0.3899721448467966,0.2033426183844011,270.8050139275766,258.9442896935933,10.579387186629528,9.532033426183844,23.573816155988855,270.8050139275766,258.9442896935933,10.671309192200557,9.532033426183844,23.573816155988855,1.5352611389790498,0.2000590144585423,16.0177043375627,15.83977574505754,16.02744172322219,11.2165830628504,27.27353201534376,2.4520507524343462,3.9454116258483327,11.295957509589847,27.362348775449984,2.497196813219239,9.454581711089132,0.5929732263201865,93.67984710436774,0.0064439468387958,4.718265541059094,3.098541826554106,5.204435950242577,19.331840516387988,41.7879452993736
Delgan_loguru,2.3255813953488373,8.279069767441861,0.1860465116279069,0.2790697674418604,3.197674418604651,13.86046511627907,0.0581395348837209,0.0581395348837209,0.0465116279069767,0.0581395348837209,0.0465116279069767,50.74418604651163,44.01162790697674,2.86046511627907,2.9186046511627906,18.151162790697676,51.2906976744186,44.45348837209303,3.0930232558139537,3.0348837209302326,18.872093023255815,2.954356846473029,0.3526970954356846,4.813278008298755,4.493775933609959,4.813278008298755,9.705394190871369,15.634854771784232,6.365145228215767,2.240663900414938,10.066390041493776,16.070539419087137,6.622406639004149,9.128446979796442,0.6673855663214553,61.3672895530072,0.00583382568047,5.297574626865671,4.134328358208955,3.409293864055939,17.50147704141024,39.293769246933685
scrapy_scrapy,2.4224507283633248,4.8243359040274205,0.6281062553556127,0.1953727506426735,3.546700942587832,2.913453299057412,0.3658954584404456,0.3941730934018851,0.2844901456726649,0.3941730934018851,0.2844901456726649,40.32219365895458,33.95972579263068,5.0882604970008565,3.3513281919451585,15.572407883461867,40.96915167095115,34.550985432733505,5.344473007712082,3.4652956298200515,15.846615252784918,1.5033377837116155,0.3735647530040053,0.6162883845126835,0.3217623497997329,0.629105473965287,8.909479305740987,10.002403204272364,4.716154873164219,1.768224299065421,9.314285714285717,10.441655540720962,4.897196261682243,2.904721720288656,0.2756399991435894,9.664271929100789,0.0018275065383573,1.9401853411962933,1.558270148834597,0.5369039960611591,5.482519615072019,45.69017571128588
reflex-dev_reflex,0.947261663286004,2.7849898580121706,0.2068965517241379,0.0649087221095334,1.3468559837728196,11.872210953346856,0.1480730223123732,0.1480730223123732,0.1440162271805274,0.1480730223123732,0.1440162271805274,32.198782961460445,22.425963488843813,1.9432048681541585,1.281947261663286,4.9452332657200815,32.29817444219067,22.480730223123732,1.971602434077079,1.281947261663286,4.9452332657200815,2.22168284789644,0.2281553398058252,6.252427184466019,5.496763754045308,6.2799352750809065,8.101941747572816,14.846278317152104,3.894822006472492,1.843042071197411,8.210355987055015,14.988673139158577,3.9449838187702255,8.303296364897323,0.6701458163780571,227.56254314383224,0.0057231029054032,5.074614065180103,3.583190394511149,12.642363507990703,17.16930871620974,50.99262723694772
